BEGIN;
CREATE TABLE `products` (
	`sku`	VARCHAR(20),
	`product_name`	VARCHAR(100),
	`stocks`	INTEGER,
	PRIMARY KEY(`sku`)
);
INSERT INTO products VALUES('SSI-D00791015-LL-BWH','Zalekia Plain Casual Blouse (L,Broken White)',154);
INSERT INTO products VALUES('SSI-D00791077-MM-BWH','Zalekia Plain Casual Blouse (M,Broken White)',138);
INSERT INTO products VALUES('SSI-D00791091-XL-BWH','Zalekia Plain Casual Blouse (XL,Broken White)',137);
INSERT INTO products VALUES('SSI-D00864612-LL-NAV','Deklia Plain Casual Blouse (L,Navy)',8);
INSERT INTO products VALUES('SSI-D00864614-XL-NAV','Deklia Plain Casual Blouse (XL,Navy)',97);
INSERT INTO products VALUES('SSI-D00864652-SS-NAV','Deklia Plain Casual Blouse (S,Navy)',2);
INSERT INTO products VALUES('SSI-D00864661-MM-NAV','Deklia Plain Casual Blouse (M,Navy)',13);
INSERT INTO products VALUES('SSI-D01037807-X3-BWH','Dellaya Plain Loose Big Blouse (XXXL,Broken White)',74);
INSERT INTO products VALUES('SSI-D01037812-X3-BLA','Dellaya Plain Loose Big Blouse (XXXL,Black)',54);
INSERT INTO products VALUES('SSI-D01037822-XX-BLA','Dellaya Plain Loose Big Blouse (XXL,Black)',8);
INSERT INTO products VALUES('SSI-D01220307-XL-SAL','Devibav Plain Trump Blouse (XL,Salem)',182);
INSERT INTO products VALUES('SSI-D01220322-MM-YEL','Devibav Plain Trump Blouse (M,Yellow)',121);
INSERT INTO products VALUES('SSI-D01220334-XL-YEL','Devibav Plain Trump Blouse (XL,Yellow)',110);
INSERT INTO products VALUES('SSI-D01220338-XX-SAL','Devibav Plain Trump Blouse (XXL,Salem)',65);
INSERT INTO products VALUES('SSI-D01220346-LL-SAL','Devibav Plain Trump Blouse (L,Salem)',151);
INSERT INTO products VALUES('SSI-D01220349-LL-YEL','Devibav Plain Trump Blouse (L,Yellow)',101);
INSERT INTO products VALUES('SSI-D01220355-XX-YEL','Devibav Plain Trump Blouse (XXL,Yellow)',140);
INSERT INTO products VALUES('SSI-D01220357-SS-YEL','Devibav Plain Trump Blouse (S,Yellow)',74);
INSERT INTO products VALUES('SSI-D01220388-MM-SAL','Devibav Plain Trump Blouse (M,Salem)',216);
INSERT INTO products VALUES('SSI-D01322234-LL-WHI','Thafqya Plain Raglan Blouse (L,White)',105);
INSERT INTO products VALUES('SSI-D01322275-XL-WHI','Thafqya Plain Raglan Blouse (XL,White)',116);
INSERT INTO products VALUES('SSI-D01326201-XL-KHA','Siunfhi Ethnic Trump Blouse (XL,Khaki)',186);
INSERT INTO products VALUES('SSI-D01326205-MM-NAV','Siunfhi Ethnic Trump Blouse (M,Navy)',143);
INSERT INTO products VALUES('SSI-D01326223-MM-KHA','Siunfhi Ethnic Trump Blouse (M,Khaki)',209);
INSERT INTO products VALUES('SSI-D01326286-LL-KHA','Siunfhi Ethnic Trump Blouse (L,Khaki)',210);
INSERT INTO products VALUES('SSI-D01326299-LL-NAV','Siunfhi Ethnic Trump Blouse (L,Navy)',127);
INSERT INTO products VALUES('SSI-D01401050-MM-RED','Zeomila Zipper Casual Blouse (M,Red)',73);
INSERT INTO products VALUES('SSI-D01401064-XL-RED','Zeomila Zipper Casual Blouse (XL,Red)',44);
INSERT INTO products VALUES('SSI-D01401071-LL-RED','Zeomila Zipper Casual Blouse (L,Red)',76);
INSERT INTO products VALUES('SSI-D01466013-XX-BLA','Salyara Plain Casual Big Blouse (XXL,Black)',77);
INSERT INTO products VALUES('SSI-D01466064-X3-BLA','Salyara Plain Casual Big Blouse (XXXL,Black)',52);
INSERT INTO products VALUES('ffffff-ccc-ikik','Zalekia Plain Casual Jeans (L,Broken White)',35);
CREATE TABLE stock_outs (id INTEGER PRIMARY KEY AUTO_INCREMENT, transaction_id VARCHAR(20), sku VARCHAR(20), qty INTEGER, note VARCHAR(100), created_date DATETIME);
INSERT INTO stock_outs VALUES(4,'ID-12345-9091','ffffff-ccc-ikik',1,'Pesanan ID-12345-9091','2018-05-06 22:18:18');
INSERT INTO stock_outs VALUES(5,'ID-12345-9092','ffffff-ccc-ikik',1,'Pesanan ID-12345-9092','2018-05-06 22:19:18');
INSERT INTO stock_outs VALUES(6,'ID-12345-9093','ffffff-ccc-ikik',3,'Pesanan ID-12345-9093','2018-05-06 22:20:57');
INSERT INTO stock_outs VALUES(7,'ID-12345-9094','ffffff-ccc-ikik',1,'Pesanan ID-12345-9094','2018-05-06 22:22:30');
INSERT INTO stock_outs VALUES(8,'ID-12345-9095','ffffff-ccc-ikik',1,'Pesanan ID-12345-9095','2018-05-06 22:22:48');
INSERT INTO stock_outs VALUES(9,'ID-20180506-699523','ffffff-ccc-ikik',1,'Pesanan ID-20180506-699523','2018-05-06 23:09:11');
INSERT INTO stock_outs VALUES(10,'','ffffff-ccc-ikik',1,'Barang Hilang','2018-05-06 23:10:35');
INSERT INTO stock_outs VALUES(11,'ID-20180506-130131','ffffff-ccc-ikik',1,'Pesanan ID-20180506-130131','2018-05-06 23:13:57');
INSERT INTO stock_outs VALUES(12,'ID-20180506-633432','ffffff-ccc-ikik',1,'Pesanan ID-20180506-633432','2018-05-06 23:14:10');
INSERT INTO stock_outs VALUES(13,'ID-20180506-385103','ffffff-ccc-ikik',1,'Pesanan ID-20180506-385103','2018-05-06 23:14:12');
INSERT INTO stock_outs VALUES(14,'ID-20180506-203094','ffffff-ccc-ikik',1,'Pesanan ID-20180506-203094','2018-05-06 23:23:21');
INSERT INTO stock_outs VALUES(15,'ID-20180507-699523','ffffff-ccc-ikik',1,'Pesanan ID-20180507-699523','2018-05-07 23:09:04');
CREATE TABLE stock_ins (id INTEGER PRIMARY KEY AUTO_INCREMENT, created_date DATETIME, sku VARCHAR(20) NOT NULL, buy_price INTEGER, qty INTEGER, kwitansi VARCHAR(100));
INSERT INTO stock_ins VALUES(33,'2018-05-06 22:03:31','ffffff-ccc-ikik',120000,5,'1234-1234-4321');
INSERT INTO stock_ins VALUES(34,'2018-05-06 22:05:56','ffffff-ccc-ikik',120000,2,'1234-1234-4322');
INSERT INTO stock_ins VALUES(35,'2018-05-06 23:08:49','ffffff-ccc-ikik',120000,7,'1234-1234-4322');
INSERT INTO stock_ins VALUES(36,'2018-05-06 23:23:12','ffffff-ccc-ikik',120000,35,'1234-1234-4322');
CREATE TABLE transactions (id VARCHAR(20) PRIMARY KEY, created_date DATETIME, sku VARCHAR(20), qty INTEGER, buy_price INTEGER, sell_price INTEGER);
INSERT INTO transactions VALUES('ID-12345-9091','2018-05-06 22:18:18','ffffff-ccc-ikik',1,120000,130000);
INSERT INTO transactions VALUES('ID-12345-9092','2018-05-06 22:19:18','ffffff-ccc-ikik',1,120000,130000);
INSERT INTO transactions VALUES('ID-12345-9093','2018-05-06 22:20:57','ffffff-ccc-ikik',3,120000,130000);
INSERT INTO transactions VALUES('ID-12345-9094','2018-05-06 22:22:30','ffffff-ccc-ikik',1,120000,130000);
INSERT INTO transactions VALUES('ID-12345-9095','2018-05-06 22:22:48','ffffff-ccc-ikik',1,120000,130000);
INSERT INTO transactions VALUES('ID-20180506-699523','2018-05-06 23:09:11','ffffff-ccc-ikik',1,120000,130000);
INSERT INTO transactions VALUES('ID-20180506-130131','2018-05-06 23:13:57','ffffff-ccc-ikik',1,120000,130000);
INSERT INTO transactions VALUES('ID-20180506-633432','2018-05-06 23:14:10','ffffff-ccc-ikik',1,120000,130000);
INSERT INTO transactions VALUES('ID-20180506-385103','2018-05-06 23:14:12','ffffff-ccc-ikik',1,120000,130000);
INSERT INTO transactions VALUES('ID-20180506-203094','2018-05-06 23:23:21','ffffff-ccc-ikik',1,120000,130000);
INSERT INTO transactions VALUES('ID-20180507-699523','2018-05-07 23:09:04','ffffff-ccc-ikik',1,120000,130000);
COMMIT;
